ingredient,id
خميرة,0
جبنة بارميزان,1
كباب,2
معجون الثوم,3
عصير الكلمنتين,4
إكليل الجبل,5
البهار الأسود الحلو,6
بودرة الزعفران,7
العدس الأسود,8
لحم مفروم,9
زهر الليمون,10
الحمص,11
سائل الزنجبيل المخلّل,12
عرقسوس,13
بودرة الخردل,14
صلصة الصويا,15
براعم الحبوب,16
شطة مجروشة,17
صوص الكراميل الجاهز,18
الخولنجان المطحون,19
معجون الكاري الهندي,20
عصير الفراولة,21
خل البلسمك,22
أوراق الخضراوات المشكّلة,23
كزبرة يابسة,24
لومي,25
شوربة الدجاج بالشعيرية,26
الفليفلة الحلوة,27
بودرة المانغو,28
بودرة القرفة,29
مرق خضار,30
السكر الناعم,31
بيكان,32
بودرة ديمي جلاس,33
كوارع,34
جبن كريمي كيري,35
خبز التوست,36
بهارات برياني,37
جبنة الشلل,38
جيلي بنكهة الليمون,39
بودرة الكاسترد الجاهزة,40
فجل أبيض,41
باوند كيك جاهز,42
فواكة عنبية مشكلة,43
الفواكة,44
ببروني,45
الصلصة,46
صلصة طماطم,47
الشوكولاتة البيضاء,48
الشوكولا السوداء,49
رجلة,50
حشوة الكرز,51
كريما بودرة,52
فروج,53
بهار الشيبة المطحون,54
كربونات,55
باي روز,56
اللازانيا,57
بيكربونات الصوديوم,58
صلصة باستا جاهزة,59
كارى,60
كلمار,61
صلصة المانغو,62
زيت جوز هند,63
بودرة الجيلاتين,64
عصير أوليفيرا,65
دبس الطماطم,66
عجينة الكنافة الشعر,67
صلصة الفطر بالكريما,68
الفريدو صوص,69
زيت ذرة,70
قطر الفراولة,71
معجون الكاري الأخضر,72
مشمش,73
الفاكهة المشكلة,74
براعم الذرة,75
فيليه سمك القد,76
صوص أبيض,77
صلصة الحر الحلو,78
كزبرة خضراء,79
خل الشعير,80
الكلماري,81
فلفل جوليان بوبلانو,82
ملون الطعام الأصفر,83
جبنة الماسكاربوني,84
جبن قريش,85
حساء البصل والجزر المطحون,86
خولنجان,87
لحم الحبش المقدد,88
خضار مفرزة,89
حشيشة الليمون,90
أوراق الكركديه,91
الخميرة الفورية,92
الجوز,93
العدس الأسمر,94
فلفل الهلابينو,95
ماء الصودا,96
لحم بقر مفروم,97
حبّ الصويا الأخضر,98
التونا,99
أرز السوشي الأبيض,100
قصب السكر,101
الشمّام,102
قهوة سريعة الذوبان,103
صلصة التاكو,104
عصير الجزر,105
جبن الغرويير,106
سكر البودرة,107
خليط البهارات العمانيّة,108
بهارات إيطالية,109
أضلاع الغنم,110
جيلي بنكهة الفراولة,111
المريمية,112
العنب الأخضر,113
الليمون,114
الرافيولي,115
عصير كوكتيل الفواكة,116
لبن جوز الهند,117
بهار الكاري,118
بهارات سمك,119
كريما الشوكولاتة الجاهزة,120
ورق نعناع,121
الفاكهة المجفّفة,122
محسن خبز,123
صلصة كراميل جاهزة,124
الزعتر الأخضر,125
مسحوق الفلفل الأبيض,126
الحر الأحمر,127
التوابل,128
خليط كيك الفانيلا الجاهزة,129
فول أخضر,130
الكاري,131
صلصة الكراميل الجاهزة,132
السباغيتي,133
البرقوق,134
الفلفل الأحمر,135
خل الأرز,136
كستلاتة الغنم,137
الكرات,138
باربكيو صوص,139
الفاكهة الصيفية,140
الفلفل الحلو الرومي,141
كعكة السمسم,142
حساء البروكلي الجاهز,143
بودينج جاهزة بطعم الفانيلا,144
الجبن الكريمي,145
المفتول,146
عجينة تارت,147
الزيت,148
صدر اللحم البقري,149
بايكربونات الصوديوم,150
ورق العنب,151
التوست,152
بردقوش,153
اليانسون,154
لحم البتلو,155
شرائح الفلفل الأحمر المجفف,156
لحم كباب الخروف,157
الكنافة,158
فيليه رقبة الضأن,159
صلصة تشيلي الحلوة,160
الفراولة,161
مسحوق الواسابي,162
تتبيلة الليمون الحامض والريحان,163
بيكربونات الصودا,164
بدياشور كومبليت,165
بهار الفاهيتا,166
بهارات بخاري,167
زهرة يانسون,168
غرسة الليمون,169
قبار,170
حليب مركز محلى,171
الكريما الحامضة,172
الكرفس,173
الخل الأحمر,174
صلصة الصويا الحلوة,175
عدس اخضر,176
معجون اللوز,177
الباذنجان,178
جبنة البروفولون,179
صلصة الغواكومولي,180
شرائح الليمون والبرتقال,181
جبن الشيدر,182
كيري,183
كولنجان,184
الكركند,185
خبز رقاق,186
بودرة فلفل أحمر,187
الجبنة السويسرية,188
شيرة,189
غزل البنات,190
كبش القرنفل,191
بهارات صينية,192
حبق ناشف,193
شيبس تاكو,194
الفشار,195
القشدة,196
معجون المانجو البلسمي,197
صلصة الفطر الجاهزة,198
بريتزل,199
كعكة انجليزية جاهزة,200
مطحون حبوب المسترد,201
الكافيار,202
بسكويت دايجستف,203
الكستناء المائي,204
جبن الماعز,205
برغل,206
أسماك وثمار البحر,207
البلوبري,208
صلصة المحار,209
الشمندر,210
الفلفل الحار,211
فيليه لحم,212
بذور اليقطين,213
رحيق الصبار,214
الإجاص,215
هوت دوج فرانكفورت,216
مشمش مجفّف,217
دوريتوس,218
قهوة اسبرسو جاهزة,219
سيقان ليمون,220
بروتين,221
مسحوق الخبز,222
اللحم الضاني,223
خس روماني,224
صلصة الهريسة التونسية,225
الأرضي شوكي,226
بودرة الشوكولاتة المرة,227
قلقاس,228
بذور الكتان,229
كيك الشوكولاتة المخبوزة,230
فيليه الماكريل,231
عجينة البسطيلة,232
الجبن المطبوخ قليل الدسم,233
حليب,234
القزحة,235
الحمص اليابس,236
العدس الأحمر,237
جبنة بيبر جاك الحارة,238
كراميل,239
حليب بودرة,240
الحلويات,241
معجون الثوم بالزنجبيل,242
الحمام,243
الرمان,244
البقلة,245
ماء سلق الدجاج,246
مسحوق الكركم,247
عصير الكرز,248
كيوي,249
معجون الزيتون,250
قراصيا,251
كلفة العيد,252
جبن بري,253
نكهة الخزامى,254
قالب ماجنتك خاص للشوكولاتة,255
بهارات مغربية مشكلة,256
رذاذ الطبخ,257
الملح الأسود,258
الكاكاو,259
شراب القيقب,260
الصعتر الجاف,261
معكرونة لسان العصفور,262
النكتارين,263
الخبز,264
صلصة الفراولة,265
الأرز,266
صلصة أويستر الجاهزة,267
زيت عباد الشمس,268
خضروات,269
صوص البيتزا,270
العدس الاصفر,271
الفليفلة البرتقالية,272
خليط كيك الفراولة الجاهزة,273
فيليه العجل,274
عصير التفاح,275
أوراق نبات رعى الحمام,276
صلصة حارة,277
بسكويت,278
بياض البيض,279
بذور البصل,280
ماء زهر الليمون,281
الملح الرمادي,282
رب الطماطم,283
الشوفان,284
صلصة الفلفل الحلو,285
المايونيز,286
بهارات وتوابل,287
ملح خشن,288
مسحوق الفلفل الأحمر,289
الصوص الحرّ مع الزيت,290
الخردل,291
صودا الخبز,292
لبن زبادي,293
الشاي الأخضر,294
الشمام,295
فيليه لحم البقر,296
عصير مشمش,297
كرز,298
صلصة الشوكولاته الجاهزة,299
صلصة السمك,300
الجبن بالقشدة,301
أوراق الشمندر,302
مشروب الطاقة,303
الفواكهة,304
مسحوق الشراب بنكهة الفراولة,305
الفليفلة الصفراء,306
جبنة الستيلتون,307
البهار الأحمر,308
ملون الطعام الزهري,309
فيليه اللحم,310
كرات سناكس الجبن,311
اعواد الكرفس,312
صلصة الريحان,313
المحلب,314
بودرة الزنجبيل,315
الزنجبيل المخلّل,316
خليط البراونيز الجاهز,317
الجلاتين,318
وافل جاهز,319
الصودا,320
الليمون الهندي,321
كريمة,322
الحامض,323
عنب,324
الفليفلة الحمراء,325
الفاصولياء السوداء,326
بقدونس مجفف,327
البرغل الأبيض الناعم,328
عجينة,329
مسحوق الفلفل الحار,330
فليفلة,331
الفول المقشّر,332
الهال,333
دخن,334
زيت جوز الهند المركز,335
الستيك,336
رِبّ الحرّ,337
خبز البرجر,338
بودرة جيلي الفراولة,339
برش البرتقال,340
ويفر,341
دقيق,342
نكهة البندق,343
اللحم,344
أرز السوشي,345
صدر تيركي,346
خبز الصمون,347
بودرة صلصة الرانش,348
اللحمة,349
حبوب الشيا,350
زيدة,351
خلاصة الفانيليا,352
تايم,353
مسحوق الشراب بنكهة المانغا,354
الباقلاء الخضراء,355
أناناس,356
حليب مكثف محلى,357
صلصة الاسباجيتي الجاهزة,358
شرائط المعكرونة,359
الطرخوم,360
دهن الخروف,361
الصلصة الايطالية,362
بديل السكر,363
أوراق الغار,364
التوست الاسمر,365
حبيبات المغربية,366
بودرة الفلفل الأحمر,367
خلاصة الليمون,368
عصفر,369
ورستشير صوص,370
عجينة الفطائر الجاهزة,371
شراب الرمان,372
السمن البلدي,373
قشطلية,374
صلصة رسيستيرشاير,375
معكرونة,376
سبرينغ رولز,377
كينوا,378
قلوب النخيل,379
خبز التورتيلا,380
أوريو بالشوكولاتة,381
الكراب,382
بازيلا أمريكانا مجمدة,383
بذورالكتان,384
دبس السكر,385
البصل الابيض,386
النشاء,387
الكزبرة,388
براعم آسيوية,389
خس,390
الجزر,391
الكراث,392
رشاد,393
خلاصة جوز الهند,394
جبن عكاوي,395
معجون الحبق والثوم والزيت,396
الجبنة البيضاء,397
بسكويت الشاي السادة,398
كريما الترتار,399
قشرة البرتقال,400
صلصة اسباجيتي,401
نكهة توت,402
الأعشاب,403
كريمة الخفق,404
فلفل رومي أحمر,405
لحم الضأن,406
لحم سرطان البحر,407
بذور الكينوا,408
بسكويت القمح,409
اللقز,410
الخبز الإيطالي,411
لحم الخروف,412
تتبيلة الدجاج,413
خلاصة الفراولة,414
الشمر,415
لوبياء,416
جبنة شيدر,417
الطرخون,418
الفلفل الحبّ,419
معجون الفلفل الحلو,420
سبرنكلز,421
كريما صلصة الزعفران,422
جيلي التوت,423
بايكربونات الصودا,424
طماطم,425
البطاطا,426
مسحوق الشراب بنكهة البرتقال,427
صلصة الستيك الجاهزة,428
مسحوق الزنجبيل,429
براعم الفول,430
مايوتشيب,431
بيوض السمك,432
ورق غار,433
براعم الفاصولياء,434
فخذ خروف,435
الأرز الأسمر,436
صلصة مارينارا الجاهزة,437
مزيج توابل الكسكس,438
جبن الغرغنزولة,439
حبهان,440
جوز الهند,441
الجبنة الزرقاء,442
لبنة,443
عجينة اللازانيا,444
فرّي,445
حمص,446
الفلفل المجفف,447
فليفلة ملونة,448
سميد خشن,449
بودرة التمبورا,450
فلفل هالابينو,451
بودرة الثوم,452
توابل السمك,453
برغل اسمر ناعم,454
لحم البقر الفوفيليه,455
مبيض القهوة,456
خبز الباغيت,457
العجين,458
عدس أحمر,459
بهار سمك,460
جذور الزنجبيل,461
بهارات الشاورما,462
ورق العجين,463
المعكرونة,464
الفلفل الأحمر الحلو,465
سمك كنعد,466
أوراق الطحالب,467
بهارات المقلوبة,468
أرز صنوايت كالروز,469
لحم الجمل,470
كيل,471
بذور السمسم,472
ثلج,473
الفليفلة الحريفة اليابسة,474
كبّة,475
صلصة التشولولا,476
الشيش,477
الفريكة,478
بهار سادة,479
السلمون,480
لحم الخاصرة الطري,481
خس بوسطن,482
صلصة البشاميل,483
البالميتو,484
معجون الشوكولاتة بالبندق,485
تتبيلة السلطة الإيطالية,486
بهارات الجرام ماسالا,487
قطر الجلاب,488
جبن فونتينا,489
حرّ,490
بهارات التاكو,491
صلصة الفلفل الحلوة,492
حليب الصويا,493
السلمون المدخن,494
الباغيت,495
المربيات,496
التوت,497
ملح البحر,498
جيلي الفراولة,499
خبز الصاج,500
العنب الأحمر,501
لحم موزات الخروف,502
خليط بودينغ الليمون الجاهز,503
شراب الورد,504
خبز شراك,505
صلصة البيستو,506
خبز الهامبرغر,507
فطر بورتوبيللو,508
الذرة الحلوة,509
خروب مجروش,510
بهارات السمك,511
دقيق الحمص,512
القرنفل,513
النخاع,514
البندورة الكرزية,515
ويفر بنكهة البندق,516
روح الموز,517
سيرب,518
صوص المعكرونة الجاهز,519
رغيف برّ رقيق,520
عصير ليمون أبو صفير,521
الحبة السوداء,522
فول الصويا,523
كرز أحمر,524
مسحوق الفلفل الأحمر الحلو,525
دجاج فيليه أمريكانا,526
العجينة الجاهزة,527
جبن سكامورزا المدخّن,528
صلصة يابانية حلوة,529
بودنغ فانيليا,530
خرشوف,531
القريدس,532
صوص السلطة,533
ورق البرقوق,534
مارملاد البرتقال,535
التوت الأزرق,536
لحم الغنم,537
سناكس كرات الجبن,538
بهارات القدرة,539
البصل الأحمر,540
عجينة الكريب,541
الزيتون,542
سكاكر تزيين الكيك,543
لبن,544
فتات الخبز,545
لحم راس عصفور,546
عصير قمرالدين,547
سمك اللقز,548
الماء,549
اللحم المقدد,550
خليط من البهارات,551
لحم الديك الرومي,552
دبس الرمان,553
نبات الكبر,554
لحم الهبرة,555
بلح البحر,556
مشروب الكركديه,557
صلصة ورشسترشاير,558
كلاوي,559
زيت بذور اللفت,560
مكعب توابل الأرز الأبيض,561
البهار الحلو,562
سبع بهارات,563
شوربة الدجاج بالكريمة والشوفان,564
فارماسيلي شوكولاتة,565
ورقة الأرّز,566
رقائق تورتيلا,567
دبس التمر,568
كريما,569
أعواد حلوى ملونة,570
فلفل حب,571
خلاصة اللوز,572
هريسة,573
عصير جوز الهند,574
صلصة الغارام ماسالا الجاهزة,575
القطايف,576
الخبز العربي,577
سحلب,578
الفلفل الرومي الأخضر,579
جلي فراولة,580
مربى التوت,581
جبنة الحلوم,582
بهار مشكل,583
البازيلاء,584
ورق السبانخ,585
الموز,586
مكعبات الثلج,587
الملفوف الأحمر,588
الآيس كريم,589
الكيك الاسفنجي السادة,590
خبز محمّص,591
بابريكا,592
الكراوية,593
جبنة مجدلة,594
جبن ايدام,595
قشرة ليمون,596
معجون التشيلي,597
فلفل رومي,598
الكالاماري,599
الكابوريا,600
عشبة الليمون,601
معجون الطماطم,602
الجبن الرومي,603
تتبيلة السلطة الفرنسية,604
موزة لحم الغنم,605
الأرز المصريّ,606
الكنافة الخشنة,607
رقائق الأرز,608
عصير فواكة,609
تورتليني,610
بهار كبسة,611
صدر الحبش,612
جبن البارميزان,613
توابل حارة,614
مرتديلا,615
مرق السمك,616
السمن الحيواني,617
الصعتر الأخضر البرّي,618
أوراق الريحان,619
صوصيج,620
الذرة,621
عصير المانغو,622
زعتر مجفف,623
قهوة سعودية,624
أوراق البسطيلة,625
الفطر البني,626
معجون الزنجبيل,627
خليط كيك الليمون الجاهز,628
صلصات,629
الشحم,630
الزيت النباتي,631
القرع الأخضر,632
خلنجان,633
العقدة الصفراء,634
أضلاع خروف,635
الجريش  القمح المجروش,636
دقة الفتوت,637
الفليفلة الحرّة,638
صلصة الهريسة الحارة,639
محار,640
ملون الطعام الأخضر,641
سلامي,642
عطر الليمون,643
السكر الأسمر,644
الحبش,645
المواد العطرية,646
البيف المدخن,647
بهارات خليجية,648
صلصة الخضراوات,649
قشر سيلليوم,650
سويسرول كيك,651
صودا,652
جبنة نابلسية,653
القرع الأحمر,654
الكعك المبشور,655
عصير الرمان,656
صلصة التشيلي الحارة,657
لحم البفتيك,658
مرق عظام البقر,659
الجبن البلغاري,660
البن,661
الخبز الإفرنجي,662
زبدة الفول السوداني,663
أوراق البقلة,664
لانشون,665
رقائق الفلفل الحار,666
حليب الصافي,667
الكرواسان,668
زبدة مملحة,669
ورق الليمون,670
الباقة العطرية,671
دانيت,672
الشمّار,673
دقيق الأرز,674
جبنة الفيتا,675
مسحوق الكمون,676
القهوة العربية,677
التوابل الإسبانية,678
عصير لايم,679
الأرز الأبيض,680
صنوبر,681
مسحوق الكاري,682
كرز معلّب مع عصيره,683
سمك قشر بياض,684
مستخلص الليمون,685
نشاء البطاطس,686
دقيق الخضار,687
صمغ الزانثان,688
ريش الغنم,689
بودرة الكرفس,690
السمسم,691
الفلفل الأخضر,692
بهار اللحم,693
صلصة الهويسين,694
الجبن الأبيض,695
التفاح,696
عجينة سمبوسة,697
ليمون,698
صلصة نابولي,699
براعم الصويا,700
دهن الأوز,701
الصلصة الحامضة,702
الصويا صوص,703
روزماري,704
بايكينغ باودر,705
كريمة الطبخ,706
فلفل حريف,707
القرنبيط,708
المكسرات,709
كورن سيرب,710
زيت الريحان,711
ميراندا,712
بذور الرمان,713
بصل الشالوت,714
سويسرول الشوكولاتة,715
لبّ جوز الهند النيء,716
جوزة الطيب,717
بوب كورن دجاج,718
أرز الأربوريو,719
صلصة الثوم الحارَّة الجاهزةً,720
جبنة مونتري جاك,721
سماق,722
قهوة,723
كريم كراميل,724
فطر أويستر,725
فروع الزعفران,726
أصابع الكراب,727
جبنة بازميزان,728
الجريش,729
بودرة الحليب,730
الكريم السائل,731
البصل,732
الكاتشاب,733
عدس أخضر,734
صوص ستيك,735
ملح,736
بهار تحمير الدجاج  الأحمر,737
الماجي,738
بذور الشمر,739
الشعير,740
اويستر صوص,741
فلفل اسود حب,742
سمك الناجل,743
عجينة موتو,744
الحرّ,745
دقيق الذرة,746
رقائق يوز,747
ممبار,748
جبنة فيلادلفيا,749
الحلبة,750
ثمار البحر المشكّلة,751
الشومر,752
معكرونة التاغلياتيلي,753
زيت الفستق,754
صلصة الفلفل الحار,755
الملوخية,756
كيك,757
زيت دوار الشمس,758
الكمثرى,759
الأرز قصير الحبة,760
البصل الأخضر,761
الشيش طاووق,762
الشاي الأسود,763
مربّى زهر الليمون,764
حشوة الكرز الخاص بالباي,765
فيليه صدر الدجاج,766
بذور الكمون,767
عظام البقر,768
السلطعون,769
الكرنب الأحمر,770
جبن الكريما,771
كابتشينو,772
حبوب الصويا,773
بهارات البرغر,774
بندورة,775
حبيبات الشوكولاتة,776
جبن بلغاري,777
لحم كستلاتة,778
الأرز طويل الحبة,779
ماء بارد,780
مسحوق السماق,781
سميد ناعم,782
بازيلاء وجزر,783
مرق اللحم,784
قطعة سكر,785
الملح الصخري,786
صوص براون جريفي الجاهز,787
الثوم,788
التباسكو,789
صلصة التوفي الجاهزة,790
صوص البستاشيو,791
توست,792
لحم الريش,793
النسكافيه,794
روح جوز الهند,795
صفد,796
مرق الروبيان الجاهز,797
جبنة الأمانتل,798
جبن بروفولوني,799
مسحوق الفلفل الأحمر الحار,800
عصير الطماطم,801
الزهرة,802
سمك الأنشوفة,803
مرق الضأن,804
دبس فليفلة حمراء,805
الأرز الإيطالي,806
الشطة,807
فيليه دجاج,808
بيكنج صودا,809
التوابل الجافة,810
صلصة السيراشا,811
عطر اللوز,812
بودرة السكر,813
سباغتي,814
مردكوش,815
الجبنة الصفراء قليلة الدسم,816
ورق نوري,817
بهارات اللحمة,818
مرق طهو السمك والروبيان,819
نشاء الذرة,820
المطازيز,821
الحبار,822
فلفل أحمر,823
سمك القرش,824
أفخاذ الدجاج,825
كريما الجبنة,826
لوز,827
العسل,828
شراب الذرة,829
شراب الصبار,830
ماء الزهر,831
عجينة فيلو,832
صوص التفاح,833
صلصة التوت,834
ورق الكاري,835
الفول السوداني,836
مسحوق القرفة,837
كاجو,838
سمسم أبيض محمص,839
مشروبات غازية,840
صلصة الكوكتيل,841
فيليه الهامور,842
صلصة البيتزا,843
مسحوق الحمص,844
الكمون,845
صلصة البلسميك,846
مربى,847
شراب الجلاب,848
جبنة,849
"""بيكربونات الصودا""",850
صلصة التوباسكو,851
الجرجير,852
بوملي,853
ملون الطعام,854
مكعب مرق الخضار,855
الكعك المطحون,856
خبز البرغر,857
الأرز البسمتي,858
خلطة البشاميل,859
شوكولاتة سنكرز,860
فلفل ابيض,861
فطر شيتاكيه,862
البطيخة,863
كب كيك,864
الفاصوليا الحمراء,865
التوت البري,866
العنبية,867
خضار مجمدة,868
الجبنة العربية,869
عصير التمر الهندي,870
الخل الأبيض,871
رقاق,872
بصل الربيع,873
دهن الغنم,874
شطة بودرة,875
بودرة البابريكا الحلوة,876
حبوب جوز البقان,877
البوظة بنكهة الفانيليا,878
سمن نباتي,879
النعناع,880
ورق البسطيلة,881
صدر البط,882
التفاح الأحمر,883
عجينة السكر الأبيض,884
السكر البني,885
اندومي,886
الجمبري,887
هريس البندورة,888
الخضر,889
ورق مخلل الزنجبيل,890
مربى ﺣﻤﻀﻴﺎﺕ مع ﺍﻟﻘﻄﻊ,891
صلصة مكسيكية جاهزة,892
جيلي بودرة المانجو,893
مقادم غنم,894
فقوس,895
بهار أبيض,896
قطر,897
مكسرات,898
بهار,899
المثلّجات بنكهة الفراولة,900
سفن أب,901
حبوب عباد الشمس,902
الفيتوتشيني,903
جيلي بنكهة البرتقال,904
بشر جريب فروت,905
توت بري مجفف,906
مسحوق البصل,907
شراب بنكهة البرتقال,908
طحين,909
البابايا,910
الخيار المخلل,911
جبنة بروفيلون,912
جبنة إيمانتال,913
عجينة الباف باستري,914
فلفل أخضر حلو,915
لحم ستيك بقري,916
الفليفلة,917
صلصة الكرز,918
نسكويك,919
الفلفل الأبيض,920
غار,921
الخبز الاسمر,922
بهارات,923
غارام ماسالا,924
بودرة التشيلي,925
مثلثات الجبن,926
البرتقال اليوسفي,927
دقيق السميد,928
جرانولا,929
الرمان المجفف,930
السميد,931
الخوخ,932
توجاراشي,933
كريما جوز الهند,934
الجيلي,935
السمبوسك عجينة,936
عشبة الحميضة,937
دقة معمول,938
خبز مقلي,939
الفطر,940
البهار الأسود,941
بودرة البصل,942
الكيك الإسفنجي,943
البطاطس,944
الفاصولياء العريضة,945
جبن التشيدر,946
أعشاب,947
لحم البقر,948
معجون الكاري,949
المارغرين,950
عصير بطيخ,951
فلفل أسود,952
لحم فخذ الخروف,953
الثوم المعمر,954
جوانح الدجاج,955
البروكولي,956
جبنة مشكلة,957
مسحوق الحامض المجفف,958
حلاوة طحينية سادة,959
شوكولاتة الباونتي بجوز الهند,960
شراب التوت,961
اللفت,962
الكستناء,963
برش ليمون,964
البطلينوس,965
مياه معدنية,966
اجينو موتو,967
أعواد الأسنان,968
الزنجبيل,969
من وسلوى,970
ورق الموز,971
الفول,972
بقلاوة,973
لحم بريزاولا,974
فليك,975
الهيل الأخضر,976
بهارات الفلافل,977
الفلفل الأخضر الحار,978
الملفوف الصيني,979
بيكنج بودر,980
تفاح أخضر,981
جبنة التوفو,982
مربى الفراولة,983
طحالات,984
عجينة الكرواسان,985
شوكولاتة نيوتيلا,986
نعناع ناشف,987
صلصة السيزر الجاهزة,988
البيض,989
محلول ملحي,990
ثوم بودرة,991
بقدونس,992
زيت الكانولا,993
حلاوة بالشوكولاتة,994
تمر ناشف,995
بودرة الفلفل الأحمر الحار,996
فطر الشيتاكي,997
جبنة الماعز,998
مكسرات محمصة,999
زيت السمسم,1000
جبن موزاريلا,1001
المخللات,1002
الهامور,1003
خيوط الزعفران,1004
عجينة الكلاج,1005
الصدف,1006
حليب نستله المكثف المحلى,1007
المقادم,1008
بودرة ملح الكرفس,1009
أرجل لحم الحمل,1010
بودرة الفلفل الحار,1011
سمك الزبيدي,1012
ورق لورا,1013
الثلج,1014
مسحوق الثوم,1015
الكريما الطازجة,1016
حبوب عين جرادة,1017
بذور دوار الشمس,1018
عجينة كنافة,1019
مسحوق الرمان,1020
بذور الحلبة,1021
عصير طماطم,1022
ورق الديول,1023
الشبت,1024
ماء زهر البرتقال,1025
لحم العجل المفروم,1026
مسحوق الشراب بنكهة الأناناس,1027
بسكويت أوريو,1028
كورن فليكس,1029
جبن القشقوان,1030
ام الربيان,1031
مكعب مرق الدجاج,1032
كريم باتسيير,1033
لفائف الكانيلوني,1034
مارشميلو,1035
فخذ غنم,1036
سمك السردين,1037
رقائق الشوكولاته,1038
ملون الطعام البرتقالي,1039
كريما سائلة,1040
الحليب المكثّف,1041
حليب لوز,1042
الخضراوات المُشكَّلة المجلَّدة,1043
بودرة اللوز,1044
الحمص المجروش,1045
سمك الفيليه,1046
الكعك,1047
الشاي,1048
الزبد البارد,1049
النقانق,1050
صلصة الترتار,1051
السلق الأخضر,1052
القمح,1053
لحم الموزات,1054
آساي,1055
خليط الكيك الأحمر المخملي,1056
شوربة الشعيرية الجاهزة,1057
فلفل حار مخلل,1058
بطاطس شيبس عيدان,1059
ساق ضأن,1060
زيت الزيتون,1061
صفار البيض,1062
عجينة الميلفوي,1063
روح الورد,1064
الطحينية,1065
البامية,1066
صلصة الباربيكيو,1067
رازبيري,1068
شوكولا تشيبس,1069
بودرة السوبيا,1070
بودينغ الشوكولاتة الجاهز,1071
بهارات راس الحانوت,1072
بكتين,1073
حمّص بالطحينة,1074
الكوسا,1075
جبن اسياجو,1076
بودرة ديمي غلاس,1077
الفاصوليا الخضراء,1078
رقائق سبرينغ رول,1079
القرفة,1080
سكر العنب,1081
ضلع الخروف,1082
بصل أخضر,1083
الفلفل الاحمر الحار,1084
جبن الريكوتا,1085
مسحوق الفلفل الحلو,1086
الطماطم الكرزية,1087
الصعتر الفرنسي,1088
مسحوق الكاكاو,1089
تين مجفّف,1090
شرائح دجاج,1091
نشادر,1092
الحبق,1093
ورشستر صوص,1094
عصير التفاح الفوار,1095
ملون الطعام الاحمر,1096
البطاطا الحلوة,1097
حليب جوز الهند,1098
خليط كيك الشوكولاتة الجاهزة,1099
خليط بودنغ الشوكولاتة,1100
فلافل,1101
نكهة اللوز,1102
صعتر,1103
مياه معدنيّة غازية,1104
معجون الفستق,1105
اللايم,1106
صوص شوكولاتة,1107
مسحوق الشطة,1108
القلوبات,1109
الملفوف الأخضر,1110
صوص المحار,1111
الهندباء,1112
عصير التوت البري,1113
الخس الإفرنجي,1114
التيركي المدخن,1115
فيليه السمك,1116
كرانبيري,1117
مسحوق الكعك,1118
بودرة الحر,1119
البهارات الإماراتية,1120
الفلفل الحلو,1121
مسحوق الفلفل الأحمر الجاف,1122
الشوكولاتة,1123
الأعشاب الإيطالية,1124
خليط الكيك الجاهز,1125
لحم فخذ العجل,1126
التمر,1127
جبن الحلّوم,1128
الخبز الفرنسي,1129
مخلل الكبر,1130
زيت الفول السوداني,1131
جبن جورجونزولا,1132
ماء ساخن,1133
صوص حار,1134
الأرز البني,1135
عصير الشمندر,1136
روست بيف,1137
شعيرية,1138
زيت الحبق,1139
حبش,1140
بودينغ فانيلا جاهز,1141
عجينة البيتزا,1142
العدس,1143
بودرة الكاكاو,1144
البهار الأحمر الحار,1145
بودرة الفانيليا,1146
صلصة الهويزن,1147
بوظة بنكهة الشوكولاتة,1148
محلول الزعفران,1149
فطر باريس,1150
القرع الأصفر,1151
جبنة بيضاء لايت,1152
لحم كتف الضـأن,1153
كسكس,1154
ماء الورد,1155
شراب التمر,1156
صلصة الكاري,1157
بوشار,1158
خل التفاح,1159
كبدة الغنم,1160
بشر الليمون,1161
كشك مجفف,1162
البرتقال,1163
نكهة البرتقال,1164
حمص منقوع,1165
الفلفل الأصفر,1166
جبن الجودا,1167
فلفل,1168
زبادي,1169
فلفل رومي أصفر,1170
كربونات الصودا,1171
بيبروني,1172
كبدة الدجاج,1173
البيني باستا,1174
بهار السمك,1175
مسحوق الجيلاتين,1176
لحم عجل,1177
برغل ابيض خشن,1178
صدر الدجاج,1179
فطر جيرول,1180
أسياخ بامبو,1181
حشوة التفاح,1182
فواكة معلبة,1183
عصير جوافة,1184
عجينة السبرينغ رول,1185
صبغة الكنافة,1186
خل الكرز,1187
الجوافة,1188
بهار أسود حلو,1189
مكعبات هابانيرو شيلي,1190
شوكولاتة جالكسي,1191
عصائر,1192
توت العليق,1193
مستخلص الفانيليا,1194
جبنة ادام,1195
أوريغانو,1196
الفلفل الأحمر الحار,1197
صلصة فيشنا,1198
بهارات مشكلة,1199
فستق حلبي,1200
ماش,1201
تين,1202
كبد الدجاج,1203
ذرة اصفر معلب,1204
خبز,1205
عصير العنب,1206
رقائق الذرة المجروشة,1207
اسكالوب البحر الجاف,1208
التارت الجاهز,1209
مسحوق اليانسون,1210
عصير الأناناس,1211
فرك الكنافة,1212
الفلفل,1213
عصير الليمون الهندي,1214
النودلز,1215
برش الزنجبيل,1216
الكمأة,1217
مربى زهر الليمون,1218
جبن بالقشطة,1219
المحار الجاف,1220
مالتيزر,1221
ورد جوري مجفف,1222
معجون الوسابي,1223
معجون فليفلة,1224
كلمنتينا,1225
أرز بسمتي,1226
مسك,1227
سمك سلطان ابراهيم,1228
صلصة الجبن الأزرق,1229
أعشاب مجففة,1230
براعم الخيزران,1231
بودرة الكاري,1232
اللافندر,1233
مردقوش,1234
دجاجة أمريكانا,1235
توابل ماسالا,1236
الأرز المكسيكي,1237
الروبيان,1238
بذور الخردل,1239
خليط كيك شوكولاتة,1240
جبنة الكشكوان,1241
كبدة,1242
قوانص,1243
صلصة الليمون والزبدة,1244
خضار مشكلة,1245
بندق,1246
خبز طابون,1247
صلصة ترياكي,1248
بودرة الفليفلة الحمراء,1249
القرع,1250
معجون التمر الهندي,1251
بهار تشيلي مكسيكي,1252
زيتون اسود,1253
شرائح الروستو,1254
الليمون المخلل,1255
التمر الهندي,1256
البطيخ الأحمر,1257
الجبنة المالحة,1258
دهن,1259
مرق العجل,1260
أوراق الكايل,1261
الغريب فروت,1262
الحبق الأخضر,1263
مسحوق شوربة البصل,1264
عصير الليمون,1265
عجينة السكر,1266
لحم موزات الغنم,1267
رقائق الذرة المطحونة,1268
بسكويت التارت الجاهز,1269
صلصة بوفالو,1270
مثبت,1271
شحم الماشية,1272
عجينة العشر دقائق,1273
بهارات الكاري,1274
زبدة الثوم,1275
زيت الذرة,1276
البسطرمة,1277
الفراولة المجففة,1278
أدمامي آسيوي,1279
الصلصة الحلوة والحامضة الجاهزة,1280
شاي الورد,1281
قمرالدين,1282
مربى الفلفل الحار,1283
بودرة حساء,1284
الزعفران الإيراني,1285
فستق,1286
الشابورة,1287
سيرب بان كيك جاهز,1288
صلصة التفاح الجاهزة,1289
الجزر الابيض,1290
كيك فانيلا,1291
جبن روكفور,1292
السبع بهارات,1293
كرنب,1294
بهارات كاجون,1295
صلصة البرتقال الحلوة والحارّة,1296
زيت جوز الهند,1297
كربونات الصوديوم,1298
عجينة البقلاوة,1299
فلفل أخضر حار,1300
سجق,1301
بذور الفلفل الأحمر المجفف,1302
السبانخ,1303
جبن كريمي,1304
خيار,1305
كشمش,1306
لحم غنم,1307
لحم كفتة,1308
الخضر المنوّعة,1309
ريحان,1310
فاصولياء,1311
شيسو كريس,1312
الفلفل الملوّن,1313
روح الفانيليا,1314
عجينة الجلاش الجاهزة,1315
تريمولين,1316
الصعتر البري,1317
جذور الكرفس,1318
سمن,1319
أوراق الحبق,1320
المغربية,1321
رقائق سيو ماي,1322
سمك القاروص,1323
الناتشوز,1324
أزهار الخزامى,1325
الأرز الأمريكي,1326
ماء فاتر,1327
معجون الفلفل الحار,1328
كيك الشوكولاتة,1329
لبن جميد,1330
فلفل شطة بودرة,1331
ماء الشعير,1332
بطيخ,1333
أغصان القصعين,1334
فحم,1335
معجون الليمون,1336
حبّ البركة,1337
معجون التمر,1338
مانغو,1339
ريحان ناشف,1340
عصير الحامض,1341
جبن,1342
البوظة,1343
لومى,1344
مرقة البط,1345
البذور,1346
البسكويت الطبقات الهش,1347
صوص الفراولة,1348
لحم العجل,1349
روح اللوز,1350
السمك,1351
الفاصولياء البيضاء,1352
لحم مدخن,1353
مريمية,1354
ماء دافئ,1355
الباشن فروت الإستوائية,1356
الفلفل الأخضر الحلو,1357
بذور الكزبرة,1358
فيليه السلمون,1359
الزعفران,1360
مسحوق الكزبرة,1361
البهار الأبيض,1362
مسحوق الفلفل,1363
نخالة,1364
ورق الزبدة,1365
جبن فريكو,1366
أخطبوط,1367
شوكولاتة الكيندر بالحليب,1368
الزعتر,1369
زيتون أسود,1370
لحم الضاني,1371
لحم كتف الخروف,1372
بيف بيكون,1373
زيت الثوم,1374
بقسماط,1375
صلصة السلطة الايطالية,1376
سكر النخيل,1377
زيتون أخضر,1378
ورك الدجاج,1379
سمك البلطي,1380
عجينة العثملية,1381
عجينة البف باستيري,1382
القمح  الهريس,1383
الباستا,1384
هوت دوغ,1385
شوربة الفطر,1386
الهليون,1387
الكركم,1388
لبن رايب,1389
البقدونس,1390
الدقيق الأبيض,1391
العسل الاسود,1392
شراب الورد المركز,1393
شوكولاتة فورماسيل,1394
لحم السلطعون,1395
كتف الضأن,1396
لحم الكتف الهبرة,1397
بودرة قهوة,1398
كاسترد,1399
السيليوم,1400
صلصة الزوزو,1401
شوكولاتة بالحليب,1402
الماسترد,1403
ماء الصودا الغازي,1404
مربى المشمش,1405
زبيب اشقر,1406
الجبنة الصفراء,1407
الحمص الاخضر,1408
عدس بنّي,1409
صلصة البندورة الحارة,1410
بودرة الماتشا,1411
فطر شيميجي,1412
البازلاء,1413
صبغة طعام,1414
شراب السكر,1415
أنشوفة,1416
عصير العنب الاحمر,1417
باربيكان بطعم الشعير,1418
دومي غلاس,1419
الشنكليش,1420
خسّ لولوروسو,1421
دبس,1422
راحة  حلقوم,1423
رقائق البطاطس,1424
عصير البرتقال,1425
الفواكة المجففة,1426
الكانيلوني,1427
شوربة الدجاج الجاهزة,1428
لحم العجل الابيض,1429
كفتة,1430
سويت تشيلي صوص,1431
هيل,1432
عصير الخوخ,1433
الليمون الأسود الجاف,1434
الفانيليا,1435
غلوكوز,1436
الدجاج,1437
كافيار زيت الزيتون,1438
المرخ,1439
الدراق,1440
زيت الطعام,1441
التفاح الاخضر,1442
جبن بيكورينو رومانو,1443
دقيق اللوز,1444
بهار كعك,1445
ويفر شوكولاتة,1446
جبنة الموتزاريلا,1447
الفلفل الأسود,1448
بهارات مكسيكية,1449
بهارات المسالا الهندية,1450
الروكا,1451
الأفوكادو,1452
فلفل أحمر مجفف,1453
"""أوفلت""",1454
البهار الحر,1455
بهارات تندوري,1456
جبنة الكريما,1457
البط,1458
الفجل,1459
شراب المشمش,1460
زيت اللوز,1461
زيت الخضراوات,1462
عجينة الرقائق,1463
السمنة,1464
مسحوق الفلفل الأسود,1465
سكر,1466
دبس الفليفلة,1467
ديك الرومي,1468
خبز البيتا,1469
خل العنب,1470
الدجاجة,1471
الزعتر البري,1472
جيلاتين,1473
الملفوف,1474
جبن فيتا,1475
قشدة حامضة,1476
الجبن المكسيكي,1477
الزبدة,1478
صلصة الحبق,1479
بذور الخشخاش,1480
التوت الأسود,1481
كيكة شوكولاتة جاهزة ومخبوزة,1482
ملبن,1483
نعناع يابس,1484
مرق دجاج,1485
مستكة,1486
كيبر,1487
جذور البامبو,1488
القشطة,1489
اليقطين,1490
مسحوق المانغو,1491
فليفلة خضراء,1492
زيت الفلفل الأحمر,1493
الفاصولياء,1494
مرق,1495
دقيق القمح,1496
أوراق الورد,1497
شوكولاتة مارس,1498
بودينغ,1499
الليمون الاخضر,1500
الروب,1501
شاي إيرل جراي,1502
بهار دجاج,1503
التوت الأحمر,1504
زبيب,1505
الخل,1506
الفلفل الرومي الأصفر,1507
صلصة الرانش الجاهزة,1508
سنيورة,1509
بزار,1510
مرق البقر,1511
جبنة ايمونتال,1512
ملح الليمون,1513
بسكويت تشيبس,1514
خضار مقطعة,1515
جبن الشلل,1516
أصداف البحر,1517
القرشلة,1518
الزيت المنكّه,1519
بسكويت ليدي فنجرز,1520
خلاصة البرتقال,1521
ترمس,1522
توابل تاكو,1523
صلصة تشوتني,1524
خس الآيسبرغ,1525
